gplay-name,gplay-technical-name,branding,device,locked
8849 TANK2,8849 TANK2,8849,TANK2,false
8849 TANK3,8849 TANK3,8849,TANK3,false
ACE France BUZZ 5 Pro,ACE BUZZ_5_Pro,ACE France,BUZZ_5_Pro,false
ACE France BUZZ 5 Pro PLUS,ACE BUZZ_5_Pro_PLUS,ACE France,BUZZ_5_Pro_PLUS,false
Anya Anya_S558,Anya S558,Anya,S558,false
Asus ROG Phone 5,asus ASUS_I005_1,Asus,ASUS_I005_1,false
Asus ROG Phone 6,asus ASUS_AI2201,Asus,ASUS_AI2201,false
Asus Zenfone 8,asus ASUS_I006D,Asus,ASUS_I006D,false
Asus Zenfone 8 Flip,asus ASUS_I004D,Asus,ASUS_I004D,false
Asus Zenfone 9,asus ASUS_AI2202,Asus,ASUS_AI2202,false
AT&T Calypso® 4,ATT U380AA,AT&T,U380AA,false
AT&T Motivate® Pro 5G,ATT SN509A,AT&T,SN509A,false
Atozee CP20_GOLD,ATOZEE CP20_GOLD,Atozee,CP20_GOLD,false
Attila WTATTRW2,ATT WTATTRW2,Attila,WTATTRW2,false
benco AE9240,benco AE9240,benco,AE9240,false
benco S1 Pro,benco AE9260,benco,AE9260,false
benco V91,benco AE9310,benco,AE9310,false
Blackview A52 Pro,Blackview A52Pro,Blackview,A52Pro,false
Blackview BL9000,Blackview BL9000,Blackview,BL9000,false
Blackview BV8900,Blackview BV8900,Blackview,BV8900,false
Blackview BV8900 Pro,Blackview BV8900_Pro,Blackview,BV8900_Pro,false
Blackview BV9300 Pro,Blackview BV9300_Pro,Blackview,BV9300_Pro,false
Blackview N6000,Blackview N6000,Blackview,N6000,false
Blackview N6000 SE,Blackview N6000_SE,Blackview,N6000_SE,false
Blackview Shark 8,Blackview Shark8,Blackview,Shark8,false
Blu B160V,BLU B160V,Blu,B160V,false
Blu BOLD N3,BLU N0070,Blu,N0070,false
Blu G33,BLU G0890,Blu,G0890,false
Blu G33,BLU G0892,Blu,G0892,false
Blu G33,BLU G0892,Blu,G0892_SP,false
Blu G53,BLU G0850,Blu,G0850,false
Blu G53,BLU G0850_IW,Blu,G0850_IW,false
Blu G53,BLU G0850_TIGO,Blu,G0850_TIGO,false
Blu G53,BLU G0851,Blu,G0851,false
Blu G63,BLU G0870,Blu,G0870,false
Blu G73,BLU G0771,Blu,G0771,false
Cloud_Mobile Stratus_C8,Cloud_Mobile Stratus_C8,Cloud_Mobile,Cloud_Mobile Stratus_C8,false
Cricket Debut S2™,Cricket U380AC,Cricket,U380AC,false
Cubot KINGKONG X,CUBOT KINGKONG_X,Cubot,KINGKONG_X,false
Cubot P80,CUBOT P80,Cubot,P80,false
Cubot X70,CUBOT X70,Cubot,X70,false
Daria DM-B50104,Daria zahedan,Daria,zahedan,false
Dcode DS_BD3,DCODE DS_BD3,Dcode,DS_BD3,false
Deutsche Telekom T Phone Pro,DeutscheTelekom Lion,Deutsche Telekom,Lion,false
Deutsche Telekom T Phone 2,DeutscheTelekom PUMA,Deutsche Telekom,PUMA,false
Deutsche Telekom T Phone 2 Pro,DeutscheTelekom CHEETAH,Deutsche Telekom,CHEETAH,false
Doogee N50,DOOGEE 1918Y,Doogee,1918Y,false
Doogee N50Pro,DOOGEE 1918N,Doogee,1918N,false
Doogee N50S,DOOGEE 1918D,Doogee,1918D,false
Doogee N55,DOOGEE 1928,Doogee,1928,false
Doogee S110,DOOGEE M22P,Doogee,M22P,false
Doogee S200,DOOGEE M24P,Doogee,M24P,false
Doogee S200 X,DOOGEE M24PT,Doogee,M24PT,false
Doogee Smini,DOOGEE ZN137,Doogee,ZN137,false
Fairphone 5 5G,Fairphone FP5,Fairphone,FP5,false
Fairphone Fairphone3,Fairphone FP3,Fairphone,FP3,false
Fairphone Fairphone4,Fairphone FP4,Fairphone,FP4,false
FOSSiBOT F106 Pro ROW,FOSSiBOT F106_Pro,FOSSiBOT,F106_Pro,false
FOXXD A55,FOXXD A55,FOXXD,A55,false
FOXXD A56,FOXXD A56,FOXXD,A56,false
General Mobile GM 23 Dual,GM G316,General Mobile,G316,false
Google Pixel 3a,google sargo,Google,sargo,false
Google Pixel 4,google flame,Google,flame,false
Google Pixel 4 XL,google coral,Google,coral,false
Google Pixel 4a,google sunfish,Google,sunfish,false
Google Pixel 4a 5G,google bramble,Google,bramble,false
Google Pixel 5,google redfin,Google,redfin,false
Google Pixel 5a 5G,google barbet,Google,barbet,false
Hisense E33,Hisense HLTE243E_01,Hisense,HLTE243E_01,false
Hisense E70,Hisense HLTE262E_01,Hisense,HLTE262E_01,false
HMD Fusion,HMD NHK,HMD,NHK,false
HMD M-KOPA X20,HMD LGR,HMD,LGR,false
HMD Pulse,HMD LGD,HMD,LGD,false
HMD Pulse+,HMD LGP,HMD,LGP,false
HMD Skyline Business Edition,HMD TCT,HMD,TCT,false
HMD Vibe,HMD SHK,HMD,SHK,false
Honor 200 Lite,HONOR HNLLY-M1,Honor,HNLLY-M1,false
Honor HONOR 200,HONOR HNELI,Honor,HNELI,false
Honor HONOR 200,HONOR HNELIX,Honor,HNELIX,false
Honor HONOR 50,HONOR HNNTH,Honor,HNNTH,false
Honor HONOR 50 Lite,HONOR HNNTN,Honor,HNNTN,false
Honor HONOR 70,HONOR HNFNE,Honor,HNFNE,false
Honor HONOR 90,HONOR HNREA,Honor,HNREA,false
Honor HONOR 90 Lite,HONOR HNCRT-M2,Honor,HNCRT-M2,false
Honor HONOR Magic4 Lite,HONOR HNANY-Q1,Honor,HNANY-Q1,false
Honor HONOR Magic6 Lite 5G,HONOR HNALI-Q,Honor,HNALI-Q,false
Honor HONOR X5b,HONOR HNGFY-M,Honor,HNGFY-M,false
Honor HONOR X6,HONOR HNVNE-M,Honor,HNVNE-M,false
Honor HONOR X6a,HONOR HNWDY-M,Honor,HNWDY-M,false
Honor HONOR X6b,HONOR HNJDY-M1,Honor,HNJDY-M1,false
Honor HONOR X7,HONOR HNCMA-Q,Honor,HNCMA-Q,false
Honor HONOR X7a,HONOR HNRKY-M1,Honor,HNRKY-M1,false
Honor HONOR X7b,HONOR HNCLK-Q,Honor,HNCLK-Q,false
Honor HONOR X7b 5G,HONOR HNCLK-M1,Honor,HNCLK-M1,false
Honor HONOR X7c,HONOR HNALT-QL,Honor,HNALT-QL,false
Honor HONOR X8,HONOR HNTFY-Q,Honor,HNTFY-Q,false
Honor HONOR X8a,HONOR HNCRT-M1,Honor,HNCRT-M1,false
Honor HONOR X8a 5G,HONOR HNRBN-Q,Honor,HNRBN-Q,false
Honor HONOR X8b,HONOR HNLLY-Q,Honor,HNLLY-Q,false
Honor HONOR X9,HONOR HNANY-Q1,Honor,HNANY-Q1,false
Honor HONOR X9 5G,HONOR HNANY-Q,Honor,HNANY-Q,false
Honor HONOR X9a 5G,HONOR HNRMO-Q,Honor,HNRMO-Q,false
HTC U23 Pro,HTC htc_soodugls,HTC,htc_soodugls,false
IIIF150 B2,IIIF150 B2,IIIF150,B2,false
IIIF150 B2 Pro,IIIF150 B2_Pro,IIIF150,B2_Pro,false
IIIF150 B2 Ultra,IIIF150 B2_Ultra,IIIF150,B2_Ultra,false
IIIF150 Raptor LTD,IIIF150 Raptor,IIIF150,Raptor,false
Infinix GT 10 Pro,Infinix Infinix-X6739,Infinix,Infinix-X6739,false
Infinix GT 20 Pro,Infinix Infinix-X6871,Infinix,Infinix-X6871,false
Infinix HOT 30,Infinix Infinix-X6831,Infinix,Infinix-X6831,false
Infinix HOT 30 5G,Infinix Infinix-X6832,Infinix,Infinix-X6832,false
Infinix HOT 30 PLAY,Infinix Infinix-X6835,Infinix,Infinix-X6835,false
Infinix HOT 30 PLAY,Infinix Infinix-X6835B,Infinix,Infinix-X6835B,false
Infinix HOT 40,Infinix Infinix-X6836,Infinix,Infinix-X6836,false
Infinix HOT 40 Pro,Infinix Infinix-X6837,Infinix,Infinix-X6837,false
Infinix HOT 40i,Infinix Infinix-X6528,Infinix,Infinix-X6528,false
Infinix HOT 40i,Infinix Infinix-X6528B,Infinix,Infinix-X6528B,false
Infinix HOT 50,Infinix Infinix-X6882,Infinix,Infinix-X6882,false
Infinix HOT 50,Infinix Infinix-X6882B,Infinix,Infinix-X6882B,false
Infinix HOT 50 5G,Infinix Infinix-X6720,Infinix,Infinix-X6720,false
Infinix HOT 50 5G,Infinix Infinix-X6720B,Infinix,Infinix-X6720B,false
Infinix HOT 50 Pro,Infinix Infinix-X6881,Infinix,Infinix-X6881,false
Infinix HOT 50 Pro+,Infinix Infinix-X6880,Infinix,Infinix-X6880,false
Infinix HOT 50i,Infinix Infinix-X6531,Infinix,Infinix-X6531,false
Infinix HOT 50i,Infinix Infinix-X6531B,Infinix,Infinix-X6531B,false
Infinix NOTE 12,Infinix Infinix-X670,Infinix,Infinix-X670,false
Infinix NOTE 12 Pro 5G,Infinix Infinix-X671B,Infinix,Infinix-X671B,false
Infinix NOTE 30,Infinix Infinix-X6716,Infinix,Infinix-X6716,false
Infinix NOTE 30,Infinix Infinix-X6716B,Infinix,Infinix-X6716B,false
Infinix NOTE 30,Infinix Infinix-X6833B,Infinix,Infinix-X6833B,false
Infinix NOTE 30 5G,Infinix Infinix-X6711,Infinix,Infinix-X6711,false
Infinix NOTE 30 Pro,Infinix Infinix-X678B,Infinix,Infinix-X678B,false
Infinix NOTE 30 VIP,Infinix Infinix-X6710,Infinix,Infinix-X6710,false
Infinix NOTE 40,Infinix Infinix-X6853,Infinix,Infinix-X6853,false
Infinix NOTE 40 Pro 5G,Infinix Infinix-X6851,Infinix,Infinix-X6851,false
Infinix NOTE 40 Pro+ 5G,Infinix Infinix-X6851B,Infinix,Infinix-X6851B,false
Infinix NOTE 40X 5G,Infinix Infinix-X6838,Infinix,Infinix-X6838,false
Infinix NOTE 50,Infinix Infinix-X6858,Infinix,Infinix-X6858,false
Infinix NOTE 50 Pro,Infinix Infinix-X6855,Infinix,Infinix-X6855,false
Infinix SMART 8,Infinix Infinix-X6525D,Infinix,Infinix-X6525D,false
Infinix SMART 8 HD,Infinix Infinix-X6525,Infinix,Infinix-X6525,false
Infinix SMART 8 Plus,Infinix Infinix-X6526,Infinix,Infinix-X6526,false
Infinix SMART 8 PRO,Infinix Infinix-X6525B,Infinix,Infinix-X6525B,false
Infinix SMART 9,Infinix Infinix-X6532,Infinix,Infinix-X6532,false
Infinix SMART 9 HD,Infinix Infinix-X6532C,Infinix,Infinix-X6532C,false
Infinix ZERO 30,Infinix Infinix-X6731B,Infinix,Infinix-X6731B,false
Infinix ZERO 30 5G,Infinix Infinix-X6731,Infinix,Infinix-X6731,false
Infinix ZERO 40 5G,Infinix Infinix-X6861,Infinix,Infinix-X6861,false
Infinix ZERO 5G 2023,Infinix Infinix-X6815C,Infinix,Infinix-X6815C,false
Infinix ZERO 5G 2023,Infinix Infinix-X6815D,Infinix,Infinix-X6815D,false
Itel A05s,Itel itel-A663L,Itel,itel-A663L,false
Itel A05s,Itel itel-A663LC,Itel,itel-A663LC,false
Itel A70,Itel itel-A665L,Itel,itel-A665L,false
Itel itel A50,Itel itel-A667L,Itel,itel-A667L,false
Itel itel A50,Itel itel-A667LP,Itel,itel-A667LP,false
Itel itel A50C,Itel itel-A669L,Itel,itel-A669L,false
Itel itel P40+,Itel itel-P683L,Itel,itel-P683L,false
Itel itel P55,Itel itel-A666LN,Itel,itel-A666LN,false
Itel itel P55,itel-A666L,Itel,itel-A666L,false
Itel itel P55 Bandhan,Itel itel-P661N,Itel,itel-P661N,false
Itel itel P55T,Itel itel-P665L,Itel,itel-P665L,false
Itel itel P55+,Itel itel-P663L,Itel,itel-P663L,false
Itel itel P55+,Itel itel-P663LN,Itel,itel-P663LN,false
Itel itel RS4,Itel itel-S666LN,Itel,itel-S666LN,false
Itel itel S23+,Itel itel-S681LN,Itel,itel-S681LN,false
Itel P65,Itel itel-P671LN,Itel,itel-P671LN,false
Lava Blaze 2 5G,LAVA LXX507,Lava,LXX507,false
Lava BLAZE 5G,LAVA LXX503,Lava,LXX503,false
Lava Blaze Curve,LAVA LXX505,Lava,LXX505,false
Lava Blaze Pro 5G,LAVA LXX506,Lava,LXX506,false
Lava LAVA AGNI 2 5G,LAVA LXX504,Lava,LXX504,false
Lava LAVA AGNI 5G,LAVA LXX501,Lava,LXX501,false
Lava LAVA LZX414,LAVA LZX414,Lava,LZX414,false
Lava Storm 5G,LAVA LXX508,Lava,LXX508,false
Lava YUVA 2 PRO,LAVA LZX408,Lava,LZX408,false
Lava Yuva 5G,LAVA LXX510,Lava,LXX510,false
Lenovo Legion Tab Y700,Lenovo TB320FC,Lenovo,TB320FC,false
Lenovo Tab P12,Lenovo TB370FU,Lenovo,TB370FU,false
LGE LG V60 ThinQ,lge timelm,LGE,timelm,false
LGE LG WING,lge winglm,LGE,winglm,false
LGE VELVET,lge caymanlm,LGE,caymanlm,false
LGE VELVET,lge caymanlm,LGE,mcaymanlm,false
Memorex MTAB_PRO_2600,MEMOREX MTAB_PRO_2600,Memorex,MTAB_PRO_2600,false
Mi 11 X,Mi aliothin,Mi,aliothin,false
Mobicell IX,Mobicel IX,Mobicel,IX,false
Mobicell IX PRO,Mobicel IX_PRO,Mobicel,IX_PRO,false
Mobicell IX-1,Mobicel IX-1,Mobicel,IX-1,false
Mobicell RX PRO,Mobicel RX_PRO,Mobicel,RX_PRO,false
Motorola moto e13,motorola sabahl,Motorola,sabahl,false
Motorola moto e14,motorola lionl,Motorola,lionl,false
Motorola moto edge X30,motorola hiphic,Motorola,hiphic,false
Motorola moto g 5G (2022),motorola austin,Motorola,austin,false
Motorola moto g 5G - 2023,motorola pnangn,Motorola,pnangn,false
Motorola moto g 5G - 2024,motorola fogo,Motorola,fogo,false
Motorola moto g play - 2023,motorola maui,Motorola,maui,false
Motorola moto g play - 2024,motorola fogona,Motorola,fogona,false
Motorola moto g power 5G - 2023,motorola devonn,Motorola,devonn,false
Motorola moto g power 5G - 2024,motorola cancunn,Motorola,cancunn,false
Motorola moto g stylus 5G (2022),motorola milanf,Motorola,milanf,false
Motorola moto g stylus 5G - 2023,motorola genevn,Motorola,genevn,false
Motorola moto g stylus 5G - 2024,motorola boston,Motorola,boston,false
Motorola moto g stylus (2023),motorola gnevan,Motorola,gnevan,false
Motorola moto g04s,motorola lion,Motorola,lion,false
Motorola moto g05,motorola lamul,Motorola,lamul,false
Motorola moto g13,motorola penangf,Motorola,penangf,false
Motorola moto g14,motorola cancun,Motorola,cancun,false
Motorola moto g24,motorola fogorow,Motorola,fogorow,false
Motorola moto g32,motorola devon,Motorola,devon,false
Motorola moto g34,motorola fogos,Motorola,fogos,false
Motorola moto g35 5G,motorola manila,Motorola,manila,false
Motorola moto g42,motorola hawao,Motorola,hawao,false
Motorola moto g52,motorola rhode,Motorola,rhode,false
Motorola moto g53y 5G,motorola penang,Motorola,penang,false
Motorola moto g54 5G,motorola cancunf,Motorola,cancunf,false
Motorola moto g62 5G,motorola rhodec,Motorola,rhodec,false
Motorola moto g62 5G,motorola rhodei,Motorola,rhodei,false
Motorola moto g72,motorola vicky,Motorola,vicky,false
Motorola moto g73 5G,motorola devonf,Motorola,devonf,false
Motorola moto g75 5G,motorola sorap,Motorola,sorap,false
Motorola moto g82 5G,motorola rhodep,Motorola,rhodep,false
Motorola moto g84 5G,motorola bangkk,Motorola,bangkk,false
Motorola moto g85 5G,motorola malmo,Motorola,malmo,false
Motorola moto g(60),motorola hanoip,Motorola,hanoip,false
Motorola motorola edge 20,motorola berlin,Motorola,berlin,false
Motorola motorola edge 20 lite,motorola kyoto,Motorola,kyoto,false
Motorola motorola edge 2023,motorola aion,Motorola,aion,false
Motorola motorola edge 2024,motorola avatrn,Motorola,avatrn,false
Motorola motorola edge 30,motorola dubai,Motorola,dubai,false
Motorola motorola edge 30 fusion,motorola tundra,Motorola,tundra,false
Motorola motorola edge 30 neo,motorola miami,Motorola,miami,false
Motorola motorola edge 30 ultra,motorola eqs,Motorola,eqs,false
Motorola motorola edge 40,motorola lyriq,Motorola,lyriq,false
Motorola motorola edge 40 neo,motorola manaus,Motorola,manaus,false
Motorola motorola edge 50,motorola tank,Motorola,tank,false
Motorola motorola edge 50 fusion,motorola cusco,Motorola,cusco,false
Motorola motorola edge 50 fusion,motorola cuscoi,Motorola,cuscoi,false
Motorola motorola edge plus 2023,motorola rtwo,Motorola,rtwo,false
Motorola motorola edge plus 5G UW (2022),motorola hiphi,Motorola,hiphi,false
Motorola motorola edge s pro,motorola pstar,Motorola,pstar,false
Motorola motorola edge (2021),motorola berlna,Motorola,berlna,false
Motorola motorola edge (2022),motorola tesla,Motorola,tesla,false
Motorola motorola razr 2022,motorola oneli,Motorola,oneli,false
Motorola motorola razr 40,motorola lynkco,Motorola,lynkco,false
Motorola motorola razr plus 2023,motorola zeekr,Motorola,zeekr,false
Motorola ThinkPhone by Motorola,motorola bronco,Motorola,bronco,false
Moxee Technologies Moxee_T2310,Moxee T2310,Moxee Technologies,T2310,false
Nokia C22,Nokia HKEA,Nokia,HKEA,false
Nokia C32,Nokia MKDA,Nokia,MKDA,false
Nokia G10,Nokia ROGA_sprout,Nokia,Nokia ROGA_sprout,false
Nokia G11 Plus,Nokia MGKA_sprout,Nokia,Nokia MGKA_sprout,false
Nokia G21,Nokia SCPA_sprout,Nokia,SCPA_sprout,false
Nokia G21,Nokia SCP_sprout,Nokia,SCP_sprout,false
Nokia G22,Nokia SFI,Nokia,SFI,false
Nokia G22,Nokia SFIA,Nokia,SFIA,false
Nokia G42 5G,Nokia SDW,Nokia,SDW,false
Nokia G42 5G,Nokia SDWA,Nokia,SDWA,false
Nokia G50,Nokia PHR_sprout,Nokia,PHR_sprout,false
Nokia T10,Nokia PGN,Nokia,PGN,false
Nothing Phone 1,Nothing Spacewar,Nothing,Spacewar,false
Nothing Phone 2,Nothing Pong,Nothing,Pong,false
OnePlus 7,OnePlus OnePlus7,OnePlus,OnePlus7,false
OnePlus 8,OnePlus OnePlus8,OnePlus,OnePlus8,false
OnePlus 8 5G,OnePlus OnePlus8TMO,OnePlus,OnePlus8TMO,false
OnePlus 8 Pro,OnePlus OnePlus8Pro,OnePlus,OnePlus8Pro,false
OnePlus 8T,OnePlus OnePlus8T,OnePlus,OnePlus8T,false
OnePlus 8T+ 5G,OnePlus OnePlus8TTMO,OnePlus,OnePlus8TTMO,false
OnePlus 9 5G,OnePlus OnePlus9,OnePlus,OnePlus9,false
OnePlus 9 5G,OnePlus OnePlus9TMO,OnePlus,OnePlus9TMO,false
OnePlus 9 Pro 5G,OnePlus OnePlus9Pro,OnePlus,OnePlus9Pro,false
OnePlus 9 Pro 5G,OnePlus OnePlus9ProTMO,OnePlus,OnePlus9ProTMO,false
OnePlus 9R,OnePlus OnePlus9R,OnePlus,OnePlus9R,false
OnePlus 9RT 5G,OnePlus OP5154L1,OnePlus,OP5154L1,false
OnePlus 9RT 5G,OnePlus OP5155L1,OnePlus,OP5155L1,false
OnePlus 10 Pro,OnePlus OP516EL1,OnePlus,OP516EL1,false
OnePlus 10 Pro 5G,OnePlus OP516FL1,OnePlus,OP516FL1,false
OnePlus 10R 5G,OnePlus OP5566L1,OnePlus,OP5566L1,false
OnePlus 10R 5G,OnePlus OP5567L1,OnePlus,OP5567L1,false
OnePlus 10T 5G,OnePlus OP5552L1,OnePlus,OP5552L1,false
OnePlus 11 5G 中国版,OnePlus OP591BL1,OnePlus,OP591BL1,false
OnePlus 11R 5G,OnePlus OP5961L1,OnePlus,OP5961L1,false
OnePlus 12,OnePlus OP5929L1,OnePlus,OP5929L1,false
OnePlus Ace,OnePlus OP5565,OnePlus,OP5565,false
OnePlus Ace 3,OnePlus OP5CF9L1,OnePlus,OP5CF9L1,false
OnePlus Ace 竞速版,OnePlus OP5911,OnePlus,OP5911,false
OnePlus Nord 2T 5G,OnePlus OP557AL1,OnePlus,OP557AL1,false
OnePlus Nord 3 5G,OnePlus OP556FL1,OnePlus,OP556FL1,false
OnePlus Nord CE 2,OnePlus OP555BL1,OnePlus,OP555BL1,false
OnePlus Nord CE 2 Lite 5G,OnePlus OP535DL1,OnePlus,OP535DL1,false
OnePlus Nord CE 3 5G,OnePlus OP5953L1,OnePlus,OP5953L1,false
OnePlus Nord CE 3 Lite 5G,OnePlus OP5958L1,OnePlus,OP5958L1,false
OnePlus Nord CE 5G,OnePlus OnePlusNordCE,OnePlus,OnePlusNordCE,false
OnePlus Nord CE4,OnePlus OP5D3FL1,OnePlus,OP5D3FL1,false
OnePlus Nord N30 5G,OnePlus OP5958L1,OnePlus,OP5958L1,false
OnePlus Nord N30 SE 5G,OnePlus OP5955L1,OnePlus,OP5955L1,false
OnePlus Nord N300 5G,OnePlus OP5547L1,OnePlus,OP5547L1,false
OnePlus Nord2 5G,OnePlus OP515BL1,OnePlus,OP515BL1,false
OnePlus Oneplus Nord CE4 Lite 5G,OnePlus OP5D49L1,OnePlus,OP5D49L1,false
OnePlus OnePlus6T,OnePlus OnePlus6T,OnePlus,OnePlus6T,false
OnePlus Open,OnePlus OP5973L1,OnePlus,OP5973L1,false
onn. 100135924,onn mid7021_mq,onn.,mid7021_mq,false
Oppo A18,OPPO OP575DL1,Oppo,OP575DL1,false
Oppo A3 5G,OPPO OP5B05L1,Oppo,OP5B05L1,false
Oppo A38,OPPO OP5759L1,Oppo,OP5759L1,false
Oppo A54 5G,OPPO OP4F39L1,Oppo,OP4F39L1,false
Oppo A57,OPPO OP5355,Oppo,OP5355,false
Oppo A58,OPPO OP574FL1,Oppo,OP574FL1,false
Oppo A59 5G,OPPO OP5AD5L1,Oppo,OP5AD5L1,false
Oppo A76,OPPO OP5312L1,Oppo,OP5312L1,false
Oppo A78,OPPO OP5745L1,Oppo,OP5745L1,false
Oppo A78 5G,OPPO OP52F3L1,Oppo,OP52F3L1,false
Oppo A79 5G,OPPO OP573DL1,Oppo,OP573DL1,false
Oppo A98 5G,OPPO OP56E8L1,Oppo,OP56E8L1,false
Oppo CPH2145,OPPO OP4F1BL1,Oppo,OP4F1BL1,false
Oppo CPH2207,OPPO OP4F0BL1,Oppo,OP4F0BL1,false
Oppo CPH2211,OPPO OP4F4DL1,Oppo,OP4F4DL1,false
Oppo CPH2235,OPPO OP4F25L1,Oppo,OP4F25L1,false
Oppo CPH2249,OPPO OP4F81L1,Oppo,OP4F81L1,false
Oppo CPH2251,OPPO OP4F83L1,Oppo,OP4F83L1,false
Oppo CPH2293,OPPO OP52E1L1,Oppo,OP52E1L1,false
Oppo CPH2325,OPPO OP5303,Oppo,OP5303,false
Oppo CPH2333,OPPO OP530DL1,Oppo,OP530DL1,false
Oppo CPH2365,OPPO OP4F11L1,Oppo,OP4F11L1,false
Oppo CPH2373,OPPO OP530DL1,Oppo,OP530DL1,false
Oppo CPH2385,OPPO OP571DL1,Oppo,OP571DL1,false
Oppo CPH2387,OPPO OP571F,Oppo,OP571F,false
Oppo CPH2457,OPPO OP56E1L1,Oppo,OP56E1L1,false
Oppo CPH2473,OPPO OP5637L1,Oppo,OP5637L1,false
Oppo CPH2527,OPPO OP56E7L1,Oppo,OP56E7L1,false
Oppo Find X2,OPPO OP4BA1L1,Oppo,OP4BA1L1,false
Oppo Find X2 Pro,OPPO OP4BA2L1,Oppo,OP4BA2L1,false
Oppo Find X2 中国版,OPPO OP4A77,Oppo,OP4A77,false
Oppo Find X2 Pro 中国版,OPPO OP4A7A,Oppo,OP4A7A,false
Oppo Find X3 Pro,OPPO OP4F57L1,Oppo,OP4F57L1,false
Oppo Find X3 Pro 中国版,OPPO OP4E3F,Oppo,OP4E3F,false
Oppo Find X3 中国版,OPPO OP4E5D,Oppo,OP4E5D,false
Oppo Find X5,OPPO OP52D5L1,Oppo,OP52D5L1,false
Oppo Find X5 Pro,OPPO OP52D1L1,Oppo,OP52D1L1,false
Oppo OPPO A1 5G,OPPO OP561D,Oppo,OP561D,false
Oppo OPPO A57s,OPPO OP5353L1,Oppo,OP5353L1,false
Oppo OPPO A60 5G/ A3 5G,OPPO OP5EA7L1,Oppo,OP5EA7L1,false
Oppo OPPO F27 Pro+ 5G,OPPO OP5B19L1,Oppo,OP5B19L1,false
Oppo OPPO Reno5 pro,OPPO OP4F1FL1,Oppo,OP4F1FL1,false
Oppo OPPO Reno5 Pro+ 5G,OPPO OP4EA7,Oppo,OP4EA7,false
Oppo OPPO Reno6 Z 5G,OPPO OP4FA7L1,Oppo,OP4FA7L1,false
Oppo OPPO Reno7,OPPO OP533FL1,Oppo,OP533FL1,false
Oppo OPPO Reno7 5G,OPPO OPD4A1L1,Oppo,OPD4A1L1,false
Oppo OPPO Reno7 Z 5G,OPPO OP532FL1,Oppo,OP532FL1,false
Oppo OPPO Reno7 Z 5G/F21 Pro 5G/Reno8 Lite 5G,OPPO OP532FL1,Oppo,OP532FL1,false
Oppo OPPO Reno8 5G,OPPO OP5339L1,Oppo,OP5339L1,false
Oppo OPPO Reno8 Pro 5G,OPPO OP5335L1,Oppo,OP5335L1,false
Oppo OPPO Reno8 T,OPPO OP5709L1,Oppo,OP5709L1,false
Oppo OPPO Reno9 Pro 5G,OPPO OP5601,Oppo,OP5601,false
Oppo OPPO Reno10 5G,OPPO OP5655,Oppo,OP5655,false
Oppo OPPO Reno10 Pro 5G,OPPO OP561F,Oppo,OP561F,false
Oppo OPPO Reno10 Pro+ 5G,OPPO OP564B,Oppo,OP564B,false
Oppo PEGT00,OPPO OP4E8F,Oppo,OP4E8F,false
Oppo PFZM10,OPPO OP5281,Oppo,OP5281,false
Oppo Reno 11 Pro,OPPO OP5AD3L1,Oppo,OP5AD3L1,false
Oppo Reno5 Lite,OPPO OP4F43L1,Oppo,OP4F43L1,false
Oppo Reno6 Pro+ 5G,OPPO OP4EC1,Oppo,OP4EC1,false
Oppo Reno7 中国版,OPPO OP5227,Oppo,OP5227,false
Oppo Reno8 T 5G,OPPO OP56EDL1,Oppo,OP56EDL1,false
Oppo Reno9 A,OPPO OP5701L1,Oppo,OP5701L1,false
Oppo Reno10 5G,OPPO OP5705L1,Oppo,OP5ABFL1,false
Oppo Reno10 Pro 5G,OPPO OP56DBL1,Oppo,OP56DBL1,false
Oppo Reno10 Pro+ 5G,OPPO OP56D3L1,Oppo,OP56D3L1,false
Oppo Reno11 F 5G,OPPO OP5A0BL1,Oppo,OP5A0BL1,false
Oppo Reno12 F 5G,OPPO OP5AF2L1,Oppo,OP5AF2L1,false
OSCAL MODERN 8,OSCAL MODERN_8,OSCAL,MODERN_8,false
Oukitel C37_EEA,OUKITEL C37,Oukitel,C37,false
Oukitel G1_EEA,OUKITEL G1,Oukitel,G1,false
Oukitel P07_EEA,OUKITEL P07,Oukitel,P07,false
Oukitel WP36_EEA,OUKITEL WP36,Oukitel,WP36,false
Oukitel WP36_Pro_EEA,OUKITEL WP36_Pro,Oukitel,WP36_Pro,false
PCD Argentina P63L,PCD P63L,PCD,P63L,false
PCD Argentina P63L,PCD P63L_PR,PCD,P63L_PR,false
POCO C51,POCO water,POCO,water,false
POCO C55,POCO earth,POCO,earth,false
POCO C65,POCO gust,POCO,gust,false
POCO C65,POCO gale,POCO,gale,false
POCO C75,POCO lake,POCO,lake,false
POCO C75 5G,POCO warm,POCO,warm,false
POCO F2 Pro,POCO lmi,POCO,lmi,false
POCO F3,POCO alioth,POCO,alioth,false
POCO F3 GT,POCO aresin,POCO,aresin,false
POCO F4,POCO munch,POCO,munch,false
POCO F4 GT,POCO ingres,POCO,ingres,false
POCO F5,POCO marble,POCO,marble,false
POCO F5 Pro 5G,POCO mondrian,POCO,mondrian,false
POCO F6,POCO peridot,POCO,peridot,true
POCO F6 Pro,POCO vermeer,POCO,vermeer,true
POCO M2 Pro,POCO gram,POCO,gram,false
POCO M3 Pro 5G,POCO camellia,POCO,camellia,false
POCO M3 Pro 5G,POCO camellian,POCO,camellian,false
POCO M4 5G,POCO light,POCO,light,false
POCO M4 5G,POCO thunder,POCO,thunder,false
POCO M4 Pro,POCO fleur,POCO,fleur,false
POCO M4 Pro,POCO miel,POCO,miel,false
POCO M4 Pro 5G,POCO evergo,POCO,evergo,false
POCO M4 Pro 5G,POCO evergreen,POCO,evergreen,false
POCO M5,POCO rock,POCO,rock,false
POCO M5,POCO stone,POCO,stone,false
POCO M5s,POCO rosemary,POCO,rosemary,false
POCO M6,POCO moon,POCO,moon,false
POCO M6 5G,POCO air,POCO,air,false
POCO M6 Plus 5G,POCO breeze,POCO,breeze,false
POCO M6 Pro,POCO emerald,POCO,emerald,false
POCO M6 Pro 5G,POCO sky,POCO,sky,false
POCO M7 5G,POCO flame,POCO,flame,false
POCO M7 Pro 5G,POCO beryl,POCO,beryl,false
POCO X2,POCO phoenixin,POCO,phoenixin,false
POCO X3 Pro,POCO bhima,POCO,bhima,false
POCO X3 Pro,POCO vayu,POCO,vayu,false
POCO X4 GT,POCO xaga,POCO,xaga,false
POCO X4 Pro 5G,POCO peux,POCO,peux,false
POCO X4 Pro 5G,POCO veux,POCO,veux,false
POCO X5 5G,POCO moonstone,POCO,moonstone,false
POCO X5 Pro,POCO redwood,POCO,redwood,false
POCO X5 Pro 5G,POCO redwood,POCO,redwood,false
POCO X5 Pro 5G,POCO redwoodin,POCO,redwoodin,false
POCO X6 5G,POCO garnet,POCO,garnet,false
POCO X6 Neo,POCO gold,POCO,gold,false
Quantum Q03,Quantum Q03,Quantum,Q03,false
realme 8,realme RMX3085L1,realme,RMX3085L1,false
realme 8 Pro,realme RMX3081L1,realme,RMX3081L1,false
realme 8i,realme RE54B4L1,realme,RE54B4L1,false
realme 8s 5G,realme RE58A0L1,realme,RE58A0L1,false
realme 9,realme RE54E2L1,realme,RE54E2L1,false
realme 9 5G,realme RE54CBL1,realme,RE54CBL1,false
realme 9 5G,realme RE54F3L1,realme,RE54F3L1,false
realme 9 Pro+,realme RE879EL1,realme,RE879EL1,false
realme 9i,realme RED8C1L1,realme,RED8C1L1,false
realme 9i 5G,realme RE588DL1,realme,RE588DL1,false
realme 9Pro 5G,realme RE54CBL1,realme,RE54CBL1,false
realme 10,realme RE8DDCL1,realme,RE8DDCL1,false
realme 10 Pro,realme RE5849,realme,RE5849,false
realme 10 Pro 5G,realme RE588BL1,realme,RE588BL1,false
realme 10 Pro 5G,realme RE58B8L1,realme,RE58B8L1,false
realme 10 Pro+,realme RE5854,realme,RE5854,false
realme 10 Pro+ 5G,realme RE58A5L1,realme,RE58A5L1,false
realme 10 Pro+ 5G,realme RE58A6L1,realme,RE58A6L1,false
realme 11,realme RE5852,realme,RE5852,false
realme 11,realme RE5C7CL1,realme,RE5C7CL1,false
realme 11 Pro+,realme RE5865,realme,RE5865,false
realme 11 Pro+ 5G,realme RE58B6L1,realme,RE58B6L1,false
realme 11x 5G,realme RE5C6CL1,realme,RE5C6CL1,false
realme 12 Pro 5G,realme RE5C84L1,realme,RE5C84L1,false
realme 12 Pro+ 5G,realme RE5C82L1,realme,RE5C82L1,false
realme 12x 5G,realme RE5C9AL1,realme,RE5C9AL1,false
realme 12+ 5G,realme RE5C86L1,realme,RE5C86L1,false
realme 13 5G,realme RE6070L1,realme,RE6070L1,false
realme 13 Pro 5G,realme RE5CA3L1,realme,RE5CA3L1,false
realme C25,realme RMX3191,realme,RMX3191,false
realme C25,realme RMX3193,realme,RMX3193,false
realme C25s,realme RMX3195,realme,RMX3195,false
realme C25s,realme RMX3197,realme,RMX3197,false
realme C31,realme RE549C,realme,RE549C,false
realme C33,realme RE5894,realme,RE5894,false
realme C33,realme RE58AF,realme,RE58AF,false
realme C35,realme RE87BAL1,realme,RE87BAL1,false
realme C51,realme RE58BC,realme,RE58BC,false
realme C53,realme RE58C2,realme,RE58C2,false
realme C53,realme RE58C2,realme,RE58CE,false
realme C55,realme REE2ADL1,realme,REE2ADL1,false
realme C61,realme RE6054,realme,RE6054,false
realme C67,realme RE5C91L1,realme,RE5C91L1,false
realme GT 2 Pro,realme RED8ACL1,realme,RED8ACL1,false
realme GT Master Edition,realme RE507C,realme,RE507C,false
realme GT Master Edition,realme RE54ABL1,realme,RE54ABL1,false
realme GT NEO 3 150W,realme RED8BEL1,realme,RED8BEL1,false
realme GT NEO 3T,realme RE54E4L1,realme,RE54E4L1,false
realme GT Neo 5 SE,realme RE585F,realme,RE585F,false
realme GT Neo 5 SE,realme RE58D1L1,realme,RE58D1L1,false
realme GT3 240W,realme REE2B2L1,realme,REE2B2L1,false
realme narzo 30 5G,realme RE513CL1,realme,RE513CL1,false
realme narzo 50,realme RE54B4L1,realme,RE54B4L1,false
realme narzo 50 5G,realme RED8CDL1,realme,RED8CDL1,false
realme narzo 50 Pro 5G,realme RE879EL1,realme,RE879EL1,false
realme narzo 50A,realme RED8AF,realme,RED8AF,false
realme narzo 50A Prime,realme RE54D8L1,realme,RE54D8L1,false
realme narzo 60 5G,realme RE58B1L1,realme,RE58B1L1,false
realme NARZO 70 Pro 5G,realme RE5C86L1,realme,RE5C86L1,false
realme narzo N53,realme RE58C6,realme,RE58C6,false
realme realme 9 5G Speed Edition,realme RE54BFL1,realme,RE54BFL1,false
Realme realme GT 5G,realme RMX2202L1,realme,RMX2202L1,false
Realme realme GT Master Edition,realme RE54ABL1,Realme,RE54ABL1,false
Realme realme GT Neo 2,realme RE5473,realme,RE5473,false
Realme realme GT Neo2 5G,realme RE879AL1,Realme,RE879AL1,false
realme realmeGT Neo5,realme RE5860,realme,RE5860,false
realme realmeGT Neo5 240W,realme RE5860,realme,RE5860,false
realme RMX3710,realme REE2ADL1,realme,REE2ADL1,false
realme RMX3834,realme RE5C9F,realme,RE5C9F,false
realme RMX3940,realme RE606B,realme,RE606B,false
realme RMX3998,realme RE5C94L1,realme,RE5C94L1,false
realme X7 Max,realme RMX3031L1,realme,RMX3031L1,false
realme 真我11 Pro,realme RE5869,realme,RE5869,false
Realme 真我GT,realme RMX2202CN,realme,RMX2202CN,false
realme 真我GT 2,realme RE5471,realme,RE5471,false
realme 真我GT 2,realme RE58B2L1,realme,RE58B2L1,false
realme 真我GT Neo,realme RMX3031CN,realme,RMX3031CN,false
Realme 真我GT Neo2T,realme RE5469,realme,RE5469,false
realme 真我 GT NEO 3 150W,realme RE5489,realme,RE5489,false
Redmi 7,xiaomi onc,Redmi,onc,false
Redmi 9,Redmi lancelot,Redmi,lancelot,false
Redmi 9T,Redmi lime,Redmi,lime,false
Redmi 10 2022,Redmi eos,Redmi,eos,false
Redmi 10 2022,Redmi selene,Redmi,selene,false
Redmi 10 5G,Redmi thunder,Redmi,thunder,false
Redmi 10C,Redmi fog,Redmi,fog,false
Redmi 10C,Redmi rain,Redmi,rain,false
Redmi 10C,Redmi wind,Redmi,wind,false
Redmi 11 Prime,Redmi rock,Redmi,rock,false
Redmi 11 Prime 5G,Redmi light,Redmi,light,false
Redmi 12,Redmi fire,Redmi,fire,false
Redmi 12,Redmi heat,Redmi,heat,false
Redmi 12 5G,Redmi river,Redmi,river,false
Redmi 12 5G,Redmi sky,Redmi,sky,false
Redmi 12 5G,Redmi XIG03,Redmi,XIG03,false
Redmi 12C,Redmi aether,Redmi,aether,false
Redmi 12C,Redmi earth,Redmi,earth,false
Redmi 13,Redmi moon,Redmi,moon,false
Redmi 13 4G,Redmi tides,Redmi,tides,false
Redmi 13C,Redmi gale,Redmi,gale,false
Redmi 13C,Redmi gust,Redmi,gust,false
Redmi 13C 5G,Redmi air,Redmi,air,false
Redmi 13C 5G,Redmi atmos,Redmi,atmos,false
Redmi 13x,Redmi tides,Redmi,tides,false
Redmi 14C,Redmi lake,Redmi,lake,false
Redmi 14C,Redmi pond,Redmi,pond,false
Redmi 14C 5G,Redmi flame,Redmi,flame,false
Redmi A2,Redmi cloud,Redmi,cloud,false
Redmi A2+,Redmi water,Redmi,water,false
Redmi A3,Redmi blue,Redmi,blue,false
Redmi A3x,Redmi klein,Redmi,klein,false
Redmi A4 5G,Redmi warm,Redmi,warm,false
Redmi K30 PRO,Redmi lmi,Redmi,lmi,false
Redmi K40,Redmi alioth,Redmi,alioth,false
Redmi K40 Gaming,Redmi ares,Redmi,ares,false
Redmi K40 Pro,Redmi haydn,Redmi,haydn,false
Redmi K40S,Redmi munch,Redmi,munch,false
Redmi K50,Redmi rubens,Redmi,rubens,false
Redmi K50G,Redmi ingres,Redmi,ingres,false
Redmi K50i,Redmi xagain,Redmi,xagain,false
Redmi K60,Redmi mondrian,Redmi,mondrian,false
Redmi K60E,Redmi rembrandt,Redmi,rembrandt,false
Redmi K70,Redmi vermeer,Redmi,vermeer,true
Redmi Mi 9T Pro,Xiaomi raphaelin,Redmi,raphaelin,false
Redmi Note 8,Redmi biloba,Redmi,biloba,false
Redmi Note 8,xiaomi ginkgo,Redmi,ginkgo,false
Redmi Note 9,Redmi merlin,Redmi,merlin,false
Redmi Note 9,Redmi merlinnfc,Redmi,merlinnfc,false
Redmi Note 9 Pro,Redmi joyeuse,Redmi,joyeuse,false
Redmi Note 10,Redmi sunny,Redmi,sunny,false
Redmi Note 10 5G,Redmi camellian,Redmi,camellian,false
Redmi Note 10 JE,Redmi XIG02,Redmi,XIG02,false
Redmi Note 10 Lite,Redmi curtana,Redmi,curtana,false
Redmi Note 10 Pro,POCO chopin,Redmi,chopin,false
Redmi Note 10 Pro,Redmi chopin,Redmi,chopin,false
Redmi Note 10 Pro,Redmi sweet,Redmi,sweet,false
Redmi Note 10 Pro,Redmi sweetin,Redmi,sweetin,false
Redmi Note 10S,Redmi maltose,Redmi,maltose,false
Redmi Note 10S,Redmi rosemary,Redmi,rosemary,false
Redmi Note 10S,Redmi secret,Redmi,secret,false
Redmi Note 10T 5G,Redmi camellia,Redmi,camellia,false
Redmi Note 11,Redmi spes,Redmi,spes,false
Redmi Note 11,Redmi spesn,Redmi,spesn,false
Redmi Note 11 Pro,Redmi pissarro,Redmi,pissarro,false
Redmi Note 11 Pro,Redmi vida,Redmi,vida,false
Redmi Note 11 Pro,Redmi viva,Redmi,viva,false
Redmi Note 11 Pro 5G,Redmi veux,Redmi,veux,false
Redmi Note 11 Pro+ 5G,Redmi peux,Redmi,peux,false
Redmi Note 11 Pro+ 5G,Redmi pissarropro,Redmi,pissarropro,false
Redmi Note 11 SE,Redmi secret,Redmi,secret,false
Redmi Note 11S,Redmi fleur,Redmi,fleur,false
Redmi Note 11S,Redmi miel,Redmi,miel,false
Redmi Note 11S 5G,Redmi opal,Redmi,opal,false
Redmi Note 11T 5G,Redmi evergo,Redmi,evergo,false
Redmi Note 11T Pro,Redmi xaga,Redmi,xaga,false
Redmi Note 11T Pro +,Redmi xagapro,Redmi,xagapro,false
Redmi Note 12,Redmi tapas,Redmi,tapas,false
Redmi Note 12,Redmi topaz,Redmi,topaz,false
Redmi Note 12 5G,Redmi sunstone,Redmi,sunstone,false
Redmi Note 12 DISCOVERY EDITION,Redmi rubyplus,Redmi,rubyplus,false
Redmi Note 12 Pro 5G,Redmi ruby,Redmi,ruby,false
Redmi Note 12 Pro+ 5G,Redmi rubypro,Redmi,rubypro,false
Redmi Note 12 Turbo,Redmi marble,Redmi,marble,false
Redmi Note 12S,Redmi ocean,Redmi,ocean,false
Redmi Note 12S,Redmi sea,Redmi,sea,false
Redmi Note 12T Pro,Redmi pearl,Redmi,pearl,false
Redmi Note 13,Redmi sapphire,Redmi,sapphire,false
Redmi Note 13,Redmi sapphiren,Redmi,sapphiren,false
Redmi Note 13 5G,Redmi gold,Redmi,gold,false
Redmi Note 13 5G,Redmi iron,Redmi,iron,false
Redmi Note 13 Pro,Redmi emerald,Redmi,emerald,false
Redmi Note 13 Pro 5G,Redmi garnet,Redmi,garnet,false
Redmi Note 13R,Redmi breeze,Redmi,breeze,false
Redmi Note 14,Redmi tanzanite,Redmi,tanzanite,false
Redmi Note 14 5G,Redmi beryl,Redmi,beryl,false
Redmi Note 14 Pro,Redmi obsidian,Redmi,obsidian,false
Redmi Pad Pro,Redmi dizi,Redmi,dizi,false
Redmi Pad Pro 5G,Redmi ruan,Redmi,ruan,false
Redmi Turbo 3,Redmi peridot,Redmi,peridot,false
Reeder S19 Max 32GB,Reeder S19_Max_32GB,Reeder,S19_Max_32GB,false
Reeder S19 Max 64GB,Reeder S19_Max_64GB,Reeder,S19_Max_64GB,false
Reeder S19 MaxL 128GB,reeder S19_MaxL_128GB,Reeder,S19_MaxL_128GB,false
Samsung Galaxy A03 Core,samsung a3core,Samsung,a3core,false
Samsung Galaxy M04,samsung m04,Samsung,m04,false
Samsung Galaxy M15 5G,samsung m15x,Samsung,m15x,false
Samsung Galaxy Note9,samsung crownlte,Samsung,crownlte,false
Samsung Galaxy Tab S9+,samsung gts9pwifi,Samsung,gts9pwifi,false
Sharp AQUOS R6,DOCOMO SH-51B,Sharp,SH-51B,false
Sharp AQUOS R6,SG Judau,Sharp,Judau,false
Sharp AQUOS R6,SHARP Judau,Sharp,Judau,false
Sharp AQUOS R8,DOCOMO SH-52D,Sharp,SH-52D,false
Sharp AQUOS R8,SHARP FaYuiry,Sharp,FaYuiry,false
Sharp Leitz Phone1,SG JudauL,Sharp,JudauL,false
Sky Devices SKY PAD8PRO,SKY_Devices SKY_PAD8PROUSON,Sky Devices,SKY_PAD8PROUSON,false
Sony Xperia 1 III,KDDI SOG03,Sony,SOG03,false
Sony Xperia 1 III,Sony XQ-BC52,Sony,XQ-BC52,false
Sony Xperia 1 III,Sony XQ-BC62,Sony,XQ-BC62,false
Sony Xperia 1 III,Sony XQ-BC72,Sony,XQ-BC72,false
Sony Xperia 1 IV,docomo SO-51C,Sony,SO-51C,false
Sony Xperia 1 IV,Sony XQ-CT54,Sony,XQ-CT54,false
Sony Xperia 1 IV,Sony XQ-CT72,Sony,XQ-CT72,false
Sony Xperia 1 V,Sony XQ-DQ54,Sony,XQ-DQ54,false
Sony Xperia 1 V,Sony XQ-DQ62,Sony,XQ-DQ62,false
Sony Xperia 1 V,Sony XQ-DQ72,Sony,XQ-DQ72,false
Sony Xperia 1 VI,Sony XQ-EC44,Sony,XQ-EC44,false
Sony Xperia 1 VI,Sony XQ-EC54,Sony,XQ-EC54,false
Sony Xperia 1 VI,Sony XQ-EC72,Sony,XQ-EC72,false
Sony Xperia 10 III,KDDI SOG04,Sony,SOG04,false
Sony Xperia 10 III,Sony XQ-BT52,Sony,XQ-BT52,false
Sony Xperia 10 IV,docomo SO-52C,Sony,SO-52C,false
Sony Xperia 10 IV,Sony XQ-CC54,Sony,XQ-CC54,false
Sony Xperia 10 IV,Sony XQ-CC72,Sony,XQ-CC72,false
Sony Xperia 10 V,Sony XQ-DC54,Sony,XQ-DC54,false
Sony Xperia 10 V,Sony XQ-DC72,Sony,XQ-DC72,false
Sony Xperia 10 VI,Sony XQ-ES54,Sony,XQ-ES54,false
Sony Xperia 5 III,docomo SO-53B,Sony,SO-53B,false
Sony Xperia 5 III,KDDI SOG05,Sony,SOG05,false
Sony Xperia 5 III,Sony XQ-BQ42,Sony,XQ-BQ42,false
Sony Xperia 5 IV,docomo SO-54C,Sony,SO-54C,false
Sony Xperia 5 IV,Sony XQ-CQ54,Sony,XQ-CQ54,false
Sony Xperia 5 IV,Sony XQ-CQ62,Sony,XQ-CQ62,false
Sony Xperia 5 V,Sony XQ-DE54,Sony,XQ-DE54,false
Stylo Comet,STYLO Comet,Stylo,Comet,false
Symphony helio_80,Symphony helio_80,Symphony,helio_80,false
Symphony innova30,Symphony innova30,Symphony,innova30,false
TCT (Alcatel) TCL 40 XE 5G,TCL Encore_TF,TCL,Encore_TF,false
TCL 40 SE,TCL Model_3,TCL,Model_3,false
TCL 50 XE 5G,TCL Dragonfly_VZW,TCL,Dragonfly_VZW,false
TCL 50 XL 5G,TCL Goldfinch_TMO,TCL,Goldfinch_TMO,false
TCL 501,TCL Bee_One,TCL,Bee_One,false
TCL T607DL,TCL Bora_TF,TCL,Bora_TF,false
T-Mobile REVVL 6,T-Mobile Bethpage,T-Mobile,Bethpage,false
T-Mobile REVVL 6 Pro,T-Mobile Augusta,T-Mobile,Augusta,false
T-Mobile REVVL 7,T-Mobile CypressPoint,T-Mobile,CypressPoint,false
T-Mobile REVVL 7 Pro,T-Mobile Pinehurst,T-Mobile,Pinehurst,false
Teclast P30_EEA,Teclast P30_EEA,Teclast,P30_EEA,false
Tecno CAMON 19,TECNO TECNO-CI6,Tecno,TECNO-CI6,false
Tecno CAMON 19,TECNO TECNO-CI6n,Tecno,TECNO-CI6n,false
Tecno CAMON 19 Neo,TECNO TECNO-CH6i,Tecno,TECNO-CH6i,false
Tecno CAMON 20 Pro,TECNO TECNO-CK7n,Tecno,TECNO-CK7n,false
Tecno CAMON 20 Pro 5G,TECNO TECNO-CK8n,Tecno,TECNO-CK8n,false
Tecno PHANTOM V Flip 5G,TECNO TECNO-AD11,Tecno,TECNO-AD11,false
Tecno PHANTOM X2 5G,TECNO TECNO-AD8,Tecno,TECNO-AD8,false
Tecno PHANTOM X2 Pro 5G,TECNO TECNO-AD9,Tecno,TECNO-AD9,false
Tecno POVA 5,TECNO TECNO-LH7n,Tecno,TECNO-LH7n,false
Tecno POVA 5 Pro 5G,TECNO TECNO-LH8n,Tecno,TECNO-LH8n,false
Tecno SPARK 10 5G,TECNO TECNO-KI8,Tecno,TECNO-KI8,false
Tecno SPARK Go 2024,TECNO TECNO-BG6,Tecno,TECNO-BG6,false
Tecno TECNO CAMON 20,TECNO TECNO-CK6,Tecno,TECNO-CK6,false
Tecno TECNO CAMON 20,TECNO TECNO-CK6n,Tecno,TECNO-CK6n,false
Tecno TECNO CAMON 20,TECNO TECNO-CK6ns,Tecno,TECNO-CK6ns,false
Tecno TECNO CAMON 20 Premier 5G,TECNO TECNO-CK9n,Tecno,TECNO-CK9n,false
Tecno TECNO CAMON 20 Pro,TECNO TECNO-CK6n,Tecno,TECNO-CK6n,false
Tecno TECNO CAMON 20s Pro 5G,TECNO TECNO-CK8nB,Tecno,TECNO-CK8nB,false
Tecno TECNO CAMON 30,TECNO TECNO-CL6,Tecno,TECNO-CL6,false
Tecno TECNO CAMON 30,TECNO TECNO-CL6k,Tecno,TECNO-CL6k,false
Tecno TECNO CAMON 30,TECNO TECNO-CL6s,Tecno,TECNO-CL6s,false
Tecno TECNO CAMON 30 5G,TECNO TECNO-CL7,Tecno,TECNO-CL7,false
Tecno TECNO CAMON 30 5G,TECNO TECNO-CL7k,Tecno,TECNO-CL7k,false
Tecno TECNO CAMON 30 5G,TECNO TECNO-CL7s,Tecno,TECNO-CL7s,false
Tecno TECNO CAMON 30 Premier 5G,TECNO TECNO-CL9,Tecno,TECNO-CL9,false
Tecno TECNO CAMON 30 Pro 5G,TECNO TECNO-CL8,Tecno,TECNO-CL8,false
Tecno TECNO CAMON 30S,TECNO TECNO-CLA5,Tecno,TECNO-CLA5,false
Tecno TECNO PHANTOM V Fold,TECNO TECNO-AD10,Tecno,TECNO-AD10,false
Tecno TECNO POP 8,TECNO TECNO-BG6i,Tecno,TECNO-BG6i,false
Tecno TECNO POVA 6,TECNO TECNO-LI7,Tecno,TECNO-LI7,false
Tecno TECNO POVA 6 Neo,TECNO TECNO-LI6,Tecno,TECNO-LI6,false
Tecno TECNO POVA 6 Pro 5G,TECNO TECNO-LI9,Tecno,TECNO-LI9,false
Tecno TECNO POVA Neo 3,TECNO TECNO-LH6n,Tecno,TECNO-LH6n,false
Tecno TECNO SPARK 10,TECNO TECNO-KI5n,Tecno,TECNO-KI5n,false
Tecno TECNO SPARK 10,TECNO TECNO-KI5q,Tecno,TECNO-KI5q,false
Tecno TECNO SPARK 10,TECNO TECNO-KI5qs,Tecno,TECNO-KI5qs,false
Tecno TECNO SPARK 10 Pro,TECNO TECNO-KI7,Tecno,TECNO-KI7,false
Tecno TECNO SPARK 10 Pro,TECNO TECNO-KI7s,Tecno,TECNO-KI7s,false
Tecno TECNO SPARK 20,TECNO TECNO-KJ5,Tecno,TECNO-KJ5,false
Tecno TECNO SPARK 20,TECNO TECNO-KJ5n,Tecno,TECNO-KJ5n,false
Tecno TECNO SPARK 20,TECNO TECNO-KJ5s,Tecno,TECNO-KJ5s,false
Tecno TECNO SPARK 20 Pro,TECNO TECNO-KJ6,Tecno,TECNO-KJ6,false
Tecno TECNO SPARK 20 Pro+,TECNO TECNO-KJ7,Tecno,TECNO-KJ7,false
Tecno TECNO SPARK 20 Pro+,TECNO TECNO-KJ7s,Tecno,TECNO-KJ7s,false
Tecno TECNO SPARK 20C,TECNO TECNO-BG7,Tecno,TECNO-BG7,false
Tecno TECNO SPARK 20C,TECNO TECNO-BG7n,Tecno,TECNO-BG7n,false
Tecno TECNO SPARK 30,TECNO TECNO-KL6,Tecno,TECNO-KL6,false
Tecno TECNO SPARK 30 5G,TECNO TECNO-KL8,Tecno,TECNO-KL8,false
Tecno TECNO SPARK 30 5G,TECNO TECNO-KL8s,Tecno,TECNO-KL8s,false
Tecno TECNO SPARK 30 Pro,TECNO TECNO-KL7,Tecno,TECNO-KL7,false
Tecno TECNO SPARK 30C 5G,TECNO TECNO-KL8h,Tecno,TECNO-KL8h,false
Tecno TECNO SPARK 30C 5G,TECNO TECNO-KL8hs,Tecno,TECNO-KL8hs,false
Tecno TECNO SPARK Go 1,TECNO TECNO-KL4,Tecno,TECNO-KL4,false
Tecno TECNO SPARK Go 2024,TECNO TECNO-BG6m,Tecno,TECNO-BG6m,false
Tecno TECNO SPARK Go 2024,TECNO TECNO-BG6s,Tecno,TECNO-BG6s,false
Tecno Mobile POVA 5 Pro 5G,TECNO-Mobile TECNO-Mobile-LH8n,Tecno Mobile,TECNO-Mobile-LH8n,false
Tecno Mobile SPARK Go 2024,TECNO-Mobile TECNO-Mobile-BG6,Tecno Mobile,TECNO-Mobile-BG6,false
Tecno Mobile TECNO Mobile POVA 6 Neo,TECNO-Mobile TECNO-Mobile-LI6,Tecno Mobile,TECNO-Mobile-BG6,false
Tecno Mobile TECNO Mobile SPARK 20,TECNO-Mobile TECNO-Mobile-KJ5n,Tecno Mobile,TECNO-Mobile-KJ5n,false
Tecno Mobile TECNO Mobile SPARK 20 Pro+,TECNO-Mobile TECNO-Mobile-KJ7,Tecno Mobile,TECNO-Mobile-KJ7,false
Tecno Mobile TECNO Mobile SPARK 20C,TECNO-Mobile TECNO-Mobile-BG7n,Tecno Mobile,TECNO-Mobile-BG7n,false
Tecno Mobile TECNO SPARK 10,TECNO-Mobile TECNO-Mobile-KI5q,Tecno Mobile,TECNO-Mobile-KI5q,false
Tecno POP 8,TECNO TECNO-BG6h,Tecno,TECNO-BG6h,false
Ulefone Armor 21,Ulefone Armor_21,Ulefone,Armor_21,false
Ulefone Armor 25T 4G,Ulefone GQ5007TF1,Ulefone,GQ5007TF1,false
Ulefone Armor 25T Pro,Ulefone GQ5007AF2,Ulefone,GQ5007AF2,false
Ulefone Armor 26 Ultra,Ulefone Armor_26_Ultra,Ulefone,Armor_26_Ultra,false
Ulefone Armor Mini 20T Pro,Ulefone GQ5010AH1,Ulefone,GQ5010AH1,false
Ulefone Armor X12,Ulefone Armor_X12,Ulefone,Armor_X12,false
Ulefone Armor X12 Pro,Ulefone Armor_X12_Pro,Ulefone,Armor_X12_Pro,false
Ulefone Armor_X13,Ulefone Armor_X13,Ulefone,Armor_X13,false
Ulefone Note 14,Ulefone Note_14,Ulefone,Note_14,false
Ulefone Note 16 Pro,Ulefone GQ3106,Ulefone,GQ3106,false
Ulefone Note 16 Pro,Ulefone Note_16_Pro,Ulefone,Note_16_Pro,false
Ulefone Power Armor 16S,Ulefone Power_Armor_16S,Ulefone,Power_Armor_16S,false
Ulefone Power Armor X11,Ulefone Power_Armor_X11,Ulefone,Power_Armor_X11,false
Umidigi G1 Plus EEA,UMIDIGI G1_Plus,Umidigi,G1_Plus,false
Umidigi G2 EEA,UMIDIGI UMIDIGI_G2,Umidigi,UMIDIGI_G2,false
Umidigi G3 EEA,UMIDIGI UMIDIGI_G3,Umidigi,UMIDIGI_G3,false
Umidigi G3 Plus EEA,UMIDIGI G3_Plus,Umidigi,G3_Plus,false
Umidigi UMIDIGI G3 Max EEA,UMIDIGI G3_Max,Umidigi,G3_Max,false
Unihertz Jelly Star,Unihertz Jelly_Star,Unihertz,Jelly_Star,false
Vgo Tel NOTE_23_V02,VGO_TEL NOTE_23,Vgo Tel,NOTE_23,false
VILLAON V30,VILLAON VILLAON-V30,VILLAON,VILLAON-V30,false
Vivo I2009,iQOO 2009,Vivo,2009,false
Vivo I2011,iQOO 2011,Vivo,2011,false
Vivo I2012,iQOO 2012,Vivo,2012,false
Vivo I2017,iQOO 2017,Vivo,2017,false
Vivo I2127,iQOO I2127,Vivo,I2127,false
Vivo I2202,iQOO I2202,Vivo,I2202,false
Vivo I2219,iQOO I2219,Vivo,I2219,false
Vivo iQOO 9 Pro,iQOO 2022,Vivo,2022,false
Vivo iQOO 9 SE,iQOO 2019,Vivo,2019,false
Vivo iQOO 9T,iQOO I2201,Vivo,I2201,false
Vivo iQOO Neo5S,vivo PD2154,Vivo,PD2154,false
Vivo iQOO Neo6,vivo PD2196,Vivo,PD2196,false
Vivo iQOO Neo6 SE,vivo PD2199,Vivo,PD2199,false
Vivo iQOO Neo7,iQOO I2214,Vivo,I2214,false
Vivo iQOO Neo7,vivo PD2231,Vivo,PD2231,false
Vivo iQOO Neo7 Pro,iQOO I2217,Vivo,I2217,false
Vivo iQOO Neo7 SE,vivo PD2238,Vivo,PD2238,false
Vivo iQOO Neo7 竞速版,vivo PD2232,Vivo,PD2232,false
Vivo iQOO Neo8,vivo PD2301,Vivo,PD2301,false
Vivo iQOO Neo9,vivo PD2338,Vivo,PD2338,false
Vivo iQOO Z5,iQOO 2018,Vivo,2018,false
Vivo iQOO Z5 6000mAh,vivo PD2188,Vivo,PD2188,false
Vivo iQOO Z6,iQOO I2203,Vivo,I2203,false
Vivo iQOO Z6 Lite 5G,iQOO I2208,Vivo,I2208,false
Vivo iQOO Z6 Pro,iQOO I2126,Vivo,I2126,false
Vivo iQOO Z7,vivo PD2270,Vivo,PD2270,false
Vivo iQOO Z7 5G,iQOO I2207,Vivo,I2207,false
Vivo iQOO Z7 5G,iQOO I2213,Vivo,I2213,false
Vivo iQOO Z7s 5G,iQOO I2223,Vivo,I2223,false
Vivo iQOO Z7x 5G,iQOO I2216,Vivo,I2216,false
Vivo iQOO Z7x (m),vivo PD2272,Vivo,PD2272,false
Vivo T1,vivo V2154,Vivo,V2154,false
Vivo T1 Pro 5G,vivo V2151,Vivo,V2151,false
Vivo T2,vivo V2237,Vivo,V2237,false
Vivo T2 5G,vivo V2222,Vivo,V2222,false
Vivo T2x 5G,vivo V2225,Vivo,V2225,false
Vivo T3 Lite 5G,vivo V2346,Vivo,V2346,false
Vivo V2025,vivo 2025,Vivo,2025,false
Vivo V2036_21,vivo 2036,Vivo,2036,false
Vivo V2038,vivo 2037,Vivo,2037,false
Vivo V2040,vivo 2040,Vivo,2040,false
Vivo V2041,vivo 2041,Vivo,2041,false
Vivo V2045,vivo 2045,Vivo,2045,false
Vivo V2046,vivo 2046,Vivo,2046,false
Vivo V2050,vivo 2050,Vivo,2050,false
Vivo V2053,vivo 2041,Vivo,2041,false
Vivo V2055,vivo 2055,Vivo,2055,false
Vivo V2058,vivo 2058,Vivo,2058,false
Vivo V2059,vivo 2059,Vivo,2059,false
Vivo V2060,vivo 2060,Vivo,2060,false
Vivo V2066,vivo 2050,Vivo,2050,false
Vivo V2105,vivo 2105,Vivo,2105,false
Vivo V2109,vivo 2109,Vivo,2109,false
Vivo V2115,vivo 2116,Vivo,2116,false
Vivo V2116,vivo 2116,Vivo,2116,false
Vivo V2117,vivo 2116,Vivo,2116,false
Vivo V2124,vivo 2124,Vivo,2124,false
Vivo V2126,vivo 2126,Vivo,2126,false
Vivo V2127,vivo 2127,Vivo,2127,false
Vivo V2130,vivo 2130,Vivo,2130,false
Vivo V2130A,vivo PD2130,Vivo,PD2130,false
Vivo V2132,vivo 2132,Vivo,2132,false
Vivo V2140,vivo 2131,Vivo,2131,false
Vivo V2141,vivo 2141,Vivo,2141,false
Vivo V2141A,vivo PD2141,Vivo,PD2141,false
Vivo V2143,vivo 2135,Vivo,2135,false
Vivo V2152,vivo 2110,Vivo,2110,false
Vivo V2157A,vivo PD2157,Vivo,PD2157,false
Vivo V2251,vivo 2251,Vivo,2251,false
Vivo V2338,vivo V2338,Vivo,V2338,false
Vivo V25,vivo V2202,Vivo,V2202,false
Vivo V25 Pro,vivo V2158,Vivo,V2158,false
Vivo V25e,vivo V2201,Vivo,V2201,false
Vivo V25e,vivo V2237,Vivo,V2237,false
Vivo V27 Pro,vivo V2230,Vivo,V2230,false
Vivo V27e,vivo V2237,Vivo,V2237,false
Vivo V29,vivo V2250,Vivo,V2250,false
Vivo V29 Lite 5G,vivo V2244,Vivo,V2244,false
Vivo V29 Pro,vivo V2251,Vivo,V2251,false
Vivo V29e,vivo V2303,Vivo,V2303,false
Vivo V30 Lite,vivo V2317,Vivo,V2317,false
Vivo V30 Lite,vivo V2342,Vivo,V2342,false
Vivo V30 Lite 5G,vivo V2327,Vivo,V2327,false
Vivo V30 Pro,vivo V2319,Vivo,V2319,false
Vivo vivo 2018,vivo 2018,Vivo,2018,false
Vivo vivo S15 Pro,vivo PD2207,Vivo,PD2207,false
Vivo vivo Y22,vivo V2207,Vivo,V2207,false
Vivo vivo Y29 5G,vivo V2420,Vivo,V2420,false
Vivo X80,vivo V2144,Vivo,PD2183,false
Vivo X80 Pro,vivo V2145,Vivo,V2145,false
Vivo Y02t,vivo V2254,Vivo,V2254,false
Vivo Y03t,vivo V2344,Vivo,V2344,false
Vivo Y100,vivo V2239,Vivo,V2239,false
Vivo Y17s,vivo V2310,Vivo,V2310,false
Vivo Y18,vivo V2333,Vivo,V2333,false
Vivo Y18i,vivo V2344,Vivo,V2344,false
Vivo Y18s,vivo V2344,Vivo,V2344,false
Vivo Y200 5G,vivo V2307,Vivo,V2307,false
Vivo Y27,vivo V2249,Vivo,V2249,false
Vivo Y27s,vivo V2247,Vivo,V2247,false
Vivo Y28,vivo V2352,Vivo,V2352,false
Vivo Y28e 5G,vivo V2346,Vivo,V2346,false
Vivo Y28s 5G,vivo V2346,Vivo,V2346,false
Vivo Y33t,vivo PD2317,Vivo,PD2317,false
Vivo Y35,vivo V2205,Vivo,V2205,false
Vivo Y58 5G,vivo V2355,Vivo,V2355,false
Vortex CG65,Vortex CG65,Vortex,CG65,false
Vortex HD62,Vortex HD62,Vortex,HD62,false
Vortex HD65_Ultra,Vortex HD65_Ultra,Vortex,HD65_Ultra,false
Vortex J24,Vortex J24,Vortex,J24,false
Vortex ZG55,Vortex ZG55,Vortex,ZG55,false
Vortex ZG65 Pro,Vortex ZG65_Pro,Vortex,ZG65_Pro,false
Walton XANON X20,WALTON XANON_X20,Walton,XANON_X20,false
Xiaomi 7,xiaomi onc,Xiaomi,onc,false
Xiaomi 11 Lite 5G NE,Xiaomi lisa,Xiaomi,lisa,false
Xiaomi 11 Lite NE,Xiaomi lisa,Xiaomi,lisa,false
Xiaomi 11i,Xiaomi pissarroin,Xiaomi,pissarroin,false
Xiaomi 11i HyperCharge,Xiaomi pissarroinpro,Xiaomi,pissarroinpro,false
Xiaomi 11T,Xiaomi amber,Xiaomi,amber,false
Xiaomi 11T Pro,Xiaomi vili,Xiaomi,vili,false
Xiaomi 12,Xiaomi cupid,Xiaomi,cupid,false
Xiaomi 12 Lite,Xiaomi taoyao,Xiaomi,taoyao,false
Xiaomi 12 Pro,Xiaomi zeus,Xiaomi,zeus,false
Xiaomi 12 Pro Dimensity,Xiaomi daumier,Xiaomi,daumier,false
Xiaomi 12S,Xiaomi mayfly,Xiaomi,mayfly,false
Xiaomi 12S Pro,Xiaomi unicorn,Xiaomi,unicorn,false
Xiaomi 12S Ultra,Xiaomi thor,Xiaomi,thor,false
Xiaomi 12S Ultra,Xiaomi thor,Xiaomi,thor,false
Xiaomi 12T,Xiaomi plato,Xiaomi,plato,false
Xiaomi 12T Pro,Redmi diting,Xiaomi,diting,false
Xiaomi 12T Pro,Xiaomi diting,Xiaomi,diting,false
Xiaomi 12X,Xiaomi psyche,Xiaomi,psyche,false
Xiaomi 13 Lite,Xiaomi ziyi,Xiaomi,ziyi,false
Xiaomi 13 Pro,Xiaomi nuwa,Xiaomi,nuwa,false
Xiaomi 13T,Xiaomi aristotle,Xiaomi,aristotle,false
Xiaomi 13T,Xiaomi XIG04,Xiaomi,XIG04,false
Xiaomi 14,Xiaomi houji,Xiaomi,houji,true
Xiaomi 14 Ultra,Xiaomi aurora,Xiaomi,aurora,true
Xiaomi A3,Xiaomi blue,Xiaomi,blue,false
Xiaomi Mi 8,Xiaomi dipper,Xiaomi,dipper,false
Xiaomi Mi 9T Pro,Xiaomi raphaelin,Xiaomi,raphaelin,false
Xiaomi Mi 10,Xiaomi umi,Xiaomi,umi,false
Xiaomi Mi 10 Pro,Xiaomi cmi,Xiaomi,cmi,false
Xiaomi Mi 10 Ultra,Xiaomi cas,Xiaomi,cas,false
Xiaomi Mi 10S,Xiaomi thyme,Xiaomi,thyme,false
Xiaomi Mi 10T Pro,Xiaomi apollo,Xiaomi,apollo,false
Xiaomi Mi 11,Xiaomi venus,Xiaomi,venus,false
Xiaomi Mi 11 Lite,Xiaomi courbet,Xiaomi,courbet,false
Xiaomi Mi 11 Lite,Xiaomi courbetin,Xiaomi,courbetin,false
Xiaomi Mi 11 Lite 5G,Xiaomi renoir,Xiaomi,renoir,false
Xiaomi Mi 11 Pro,Xiaomi mars,Xiaomi,mars,false
Xiaomi Mi 11 Ultra,Xiaomi star,Xiaomi,star,false
Xiaomi Mi 11i,Xiaomi haydn,Xiaomi,haydn,false
Xiaomi Mi 11X,Xiaomi aliothin,Xiaomi,aliothin,false
Xiaomi Mi 11X Pro,Xiaomi haydnin,Xiaomi,haydnin,false
Xiaomi Mi A1,xiaomi tissot_sprout,Xiaomi,tissot_sprout,false
Xiaomi Mi A2,xiaomi jasmine_sprout,Xiaomi,jasmine_sprout,false
Xiaomi Note 8,xiaomi ginkgo,Xiaomi,ginkgo,false
Xiaomi Pad 5,Xiaomi nabu,Xiaomi,nabu,false
Xiaomi Pad 5 Pro,Xiaomi dagu,Xiaomi,dagu,false
Xiaomi Pad 5 Pro,Xiaomi elish,Xiaomi,elish,false
Xiaomi Pad 5 Pro 5G,Xiaomi enuma,Xiaomi,enuma,false
Xiaomi Pad 6,Xiaomi pipa,Xiaomi,pipa,false
Xiaomi Pad 6 Max 14,Xiaomi yudi,Xiaomi,yudi,false
Xiaomi pad 6 Pro,Xiaomi liuqin,Xiaomi,liuqin,false
Xiaomi POCO F1,Xiaomi beryllium,Xiaomi,beryllium,false
Xiaomi Redmi Note 5 Pro,xiaomi whyred,Xiaomi,whyred,false
XMobile X55,Xmobile X55,Sky Devices,X55,false
ZTE 5G UG Phone U25,nubia P720F09_U,ZTE,P720F09_U,false
ZTE 8050,ZTE P606F08,ZTE,P606F08,false
ZTE Blade A34,ZTE P963F94,ZTE,P963F94,false
ZTE Blade A34,ZTE P963F94_A,ZTE,P963F94_A,false
ZTE Blade A54,ZTE P963F64,ZTE,P963F64,false
ZTE Blade A75 5G,ZTE P720F09,ZTE,P720F09,false
ZTE Blade V50 Vita,ZTE P606F09,ZTE,P606F09,false
ZTE Blade V60 Design,ZTE P606F10,ZTE,P606F10,false
ZTE nubia Neo 2 5G,nubia P820F03,ZTE,P820F03,false
ZTE nubia V60 Design,nubia P606F10,ZTE,P606F10,false
ZTE NX702J,nubia P898A21,ZTE,P898A21,false
ZTE NX711J,nubia PQ82A01,ZTE,PQ82A01,false
ZTE NX729J,nubia NX729J-EEA,ZTE,NX729J-EEA,false
ZTE NX729J,nubia NX729J-UN,ZTE,NX729J-UN,false
ZTE Z2359,ZTE P606F13,ZTE,P606F13,false
